{
  "luminance_intensity": 2.525,
  "bloom_threshold": 0.1732142857142857,
  "bloom_extract_threshold": 0.20910714285714288,
  "bloom_strength": 0.4607142857142857,
  "bloom_offset": 0.003892857142857143,
  "bloom_depth": 0.4392857142857143,
  "blur_strength": 0.3514285714285714,
  "blur_offset": 0.0054285714285714284,
  "black_level": 0.06857142857142857,
  "scanline_factor": 0.3342857142857143,
  "grain_intensity": 0.03,
  "curve_intensity": 0.38571428571428573
}